{
  "hash": "426fb3c9",
  "configHash": "47b1c2ca",
  "lockfileHash": "1168a3da",
  "browserHash": "007b50b3",
  "optimized": {
    "@angular/common": {
      "src": "../../../../../../node_modules/@angular/common/fesm2022/common.mjs",
      "file": "@angular_common.js",
      "fileHash": "31acc30d",
      "needsInterop": false
    },
    "@angular/common/http": {
      "src": "../../../../../../node_modules/@angular/common/fesm2022/http.mjs",
      "file": "@angular_common_http.js",
      "fileHash": "2faa31b6",
      "needsInterop": false
    },
    "@angular/core": {
      "src": "../../../../../../node_modules/@angular/core/fesm2022/core.mjs",
      "file": "@angular_core.js",
      "fileHash": "7c1776ca",
      "needsInterop": false
    },
    "@angular/forms": {
      "src": "../../../../../../node_modules/@angular/forms/fesm2022/forms.mjs",
      "file": "@angular_forms.js",
      "fileHash": "b5cb236b",
      "needsInterop": false
    },
    "@angular/platform-browser": {
      "src": "../../../../../../node_modules/@angular/platform-browser/fesm2022/platform-browser.mjs",
      "file": "@angular_platform-browser.js",
      "fileHash": "8849bd8d",
      "needsInterop": false
    },
    "@angular/router": {
      "src": "../../../../../../node_modules/@angular/router/fesm2022/router.mjs",
      "file": "@angular_router.js",
      "fileHash": "670e099c",
      "needsInterop": false
    }
  },
  "chunks": {
    "chunk-B4INV7MS": {
      "file": "chunk-B4INV7MS.js"
    },
    "chunk-HI5LYNPZ": {
      "file": "chunk-HI5LYNPZ.js"
    },
    "chunk-YHLJATRA": {
      "file": "chunk-YHLJATRA.js"
    },
    "chunk-4LNBP2NR": {
      "file": "chunk-4LNBP2NR.js"
    },
    "chunk-N6SXN66H": {
      "file": "chunk-N6SXN66H.js"
    }
  }
}